length,deleting,Class
2,200,Vector
2,500,Set
4,100,Vector
4,300,Set
6,100,Vector
6,200,Set
8,100,Vector
8,300,Set
10,100,Vector
10,600,Set
12,100,Vector
12,300,Set
14,0,Vector
14,200,Set
16,100,Vector
16,200,Set
18,100,Vector
18,300,Set
20,9200,Vector
20,200,Set
22,100,Vector
22,300,Set
24,0,Vector
24,200,Set
26,200,Vector
26,200,Set
28,100,Vector
28,300,Set
30,100,Vector
30,300,Set
32,0,Vector
32,100,Set
34,100,Vector
34,200,Set
36,100,Vector
36,200,Set
38,0,Vector
38,200,Set
40,100,Vector
40,200,Set
42,100,Vector
42,200,Set
44,100,Vector
44,200,Set
46,100,Vector
46,400,Set
48,100,Vector
48,300,Set
50,100,Vector
50,200,Set
52,200,Vector
52,200,Set
54,100,Vector
54,300,Set
56,100,Vector
56,200,Set
58,100,Vector
58,200,Set
60,100,Vector
60,300,Set
62,0,Vector
62,300,Set
64,100,Vector
64,100,Set
66,100,Vector
66,200,Set
68,100,Vector
68,100,Set
70,100,Vector
70,200,Set
72,100,Vector
72,200,Set
74,100,Vector
74,200,Set
76,100,Vector
76,200,Set
78,100,Vector
78,200,Set
80,100,Vector
80,300,Set
82,100,Vector
82,300,Set
84,100,Vector
84,300,Set
86,100,Vector
86,200,Set
88,100,Vector
88,200,Set
90,100,Vector
90,200,Set
92,100,Vector
92,200,Set
94,100,Vector
94,300,Set
96,100,Vector
96,300,Set
98,100,Vector
98,400,Set
100,100,Vector
100,200,Set
102,100,Vector
102,200,Set
104,100,Vector
104,200,Set
106,100,Vector
106,200,Set
108,100,Vector
108,200,Set
110,100,Vector
110,200,Set
112,100,Vector
112,200,Set
114,100,Vector
114,300,Set
116,100,Vector
116,200,Set
118,100,Vector
118,300,Set
120,100,Vector
120,200,Set
122,100,Vector
122,200,Set
124,100,Vector
124,300,Set
126,100,Vector
126,400,Set
128,100,Vector
128,200,Set
130,100,Vector
130,200,Set
132,100,Vector
132,200,Set
134,100,Vector
134,200,Set
136,100,Vector
136,200,Set
138,100,Vector
138,200,Set
140,100,Vector
140,300,Set
142,100,Vector
142,300,Set
144,100,Vector
144,200,Set
146,100,Vector
146,300,Set
148,100,Vector
148,200,Set
150,200,Vector
150,200,Set
152,100,Vector
152,300,Set
154,100,Vector
154,200,Set
156,100,Vector
156,200,Set
158,100,Vector
158,300,Set
160,200,Vector
160,200,Set
162,100,Vector
162,200,Set
164,100,Vector
164,200,Set
166,100,Vector
166,200,Set
168,100,Vector
168,200,Set
170,100,Vector
170,200,Set
172,100,Vector
172,300,Set
174,100,Vector
174,300,Set
176,200,Vector
176,200,Set
178,100,Vector
178,300,Set
180,100,Vector
180,200,Set
182,100,Vector
182,200,Set
184,100,Vector
184,200,Set
186,100,Vector
186,200,Set
188,100,Vector
188,300,Set
190,100,Vector
190,400,Set
192,100,Vector
192,200,Set
194,200,Vector
194,200,Set
196,100,Vector
196,300,Set
198,100,Vector
198,300,Set
200,100,Vector
200,300,Set
202,200,Vector
202,300,Set
204,100,Vector
204,300,Set
206,100,Vector
206,300,Set
208,100,Vector
208,200,Set
210,100,Vector
210,200,Set
212,200,Vector
212,400,Set
214,200,Vector
214,200,Set
216,100,Vector
216,200,Set
218,200,Vector
218,200,Set
220,100,Vector
220,200,Set
222,200,Vector
222,300,Set
224,100,Vector
224,300,Set
226,100,Vector
226,200,Set
228,200,Vector
228,300,Set
230,100,Vector
230,300,Set
232,100,Vector
232,200,Set
234,100,Vector
234,300,Set
236,200,Vector
236,200,Set
238,100,Vector
238,200,Set
240,100,Vector
240,200,Set
242,100,Vector
242,300,Set
244,100,Vector
244,200,Set
246,100,Vector
246,300,Set
248,100,Vector
248,200,Set
250,100,Vector
250,200,Set
252,100,Vector
252,300,Set
254,100,Vector
254,300,Set
256,200,Vector
256,300,Set
258,200,Vector
258,200,Set
260,100,Vector
260,200,Set
262,100,Vector
262,300,Set
264,100,Vector
264,200,Set
266,100,Vector
266,200,Set
268,100,Vector
268,300,Set
270,200,Vector
270,200,Set
272,100,Vector
272,200,Set
274,100,Vector
274,200,Set
276,100,Vector
276,200,Set
278,200,Vector
278,200,Set
280,100,Vector
280,200,Set
282,100,Vector
282,200,Set
284,100,Vector
284,200,Set
286,200,Vector
286,400,Set
288,200,Vector
288,200,Set
290,200,Vector
290,200,Set
292,100,Vector
292,200,Set
294,100,Vector
294,300,Set
296,200,Vector
296,200,Set
298,100,Vector
298,200,Set
300,100,Vector
300,200,Set
302,200,Vector
302,300,Set
304,100,Vector
304,200,Set
306,100,Vector
306,200,Set
308,100,Vector
308,200,Set
310,100,Vector
310,200,Set
312,200,Vector
312,200,Set
314,200,Vector
314,400,Set
316,200,Vector
316,300,Set
318,100,Vector
318,400,Set
320,100,Vector
320,200,Set
322,200,Vector
322,300,Set
324,200,Vector
324,300,Set
326,100,Vector
326,400,Set
328,100,Vector
328,200,Set
330,200,Vector
330,300,Set
332,100,Vector
332,200,Set
334,100,Vector
334,300,Set
336,200,Vector
336,300,Set
338,200,Vector
338,300,Set
340,200,Vector
340,300,Set
342,100,Vector
342,300,Set
344,200,Vector
344,200,Set
346,200,Vector
346,200,Set
348,100,Vector
348,300,Set
350,100,Vector
350,300,Set
352,200,Vector
352,300,Set
354,200,Vector
354,200,Set
356,100,Vector
356,200,Set
358,200,Vector
358,300,Set
360,200,Vector
360,300,Set
362,100,Vector
362,200,Set
364,200,Vector
364,300,Set
366,100,Vector
366,200,Set
368,200,Vector
368,200,Set
370,100,Vector
370,200,Set
372,100,Vector
372,200,Set
374,200,Vector
374,300,Set
376,100,Vector
376,200,Set
378,100,Vector
378,200,Set
380,200,Vector
380,300,Set
382,100,Vector
382,400,Set
384,200,Vector
384,200,Set
386,100,Vector
386,200,Set
388,100,Vector
388,200,Set
390,100,Vector
390,200,Set
392,100,Vector
392,200,Set
394,100,Vector
394,200,Set
396,200,Vector
396,300,Set
398,200,Vector
398,200,Set
400,200,Vector
400,300,Set
402,100,Vector
402,200,Set
404,200,Vector
404,300,Set
406,100,Vector
406,300,Set
408,200,Vector
408,300,Set
410,200,Vector
410,300,Set
412,100,Vector
412,300,Set
414,200,Vector
414,300,Set
416,200,Vector
416,300,Set
418,100,Vector
418,200,Set
420,200,Vector
420,300,Set
422,200,Vector
422,300,Set
424,100,Vector
424,300,Set
426,200,Vector
426,300,Set
428,100,Vector
428,200,Set
430,200,Vector
430,300,Set
432,100,Vector
432,200,Set
434,100,Vector
434,200,Set
436,100,Vector
436,200,Set
438,100,Vector
438,200,Set
440,100,Vector
440,300,Set
442,100,Vector
442,200,Set
444,100,Vector
444,300,Set
446,100,Vector
446,300,Set
448,200,Vector
448,400,Set
450,200,Vector
450,300,Set
452,200,Vector
452,300,Set
454,200,Vector
454,300,Set
456,200,Vector
456,300,Set
458,200,Vector
458,300,Set
460,100,Vector
460,300,Set
462,100,Vector
462,300,Set
464,200,Vector
464,300,Set
466,200,Vector
466,300,Set
468,100,Vector
468,300,Set
470,100,Vector
470,200,Set
472,200,Vector
472,300,Set
474,200,Vector
474,600,Set
476,200,Vector
476,300,Set
478,100,Vector
478,300,Set
480,200,Vector
480,300,Set
482,200,Vector
482,300,Set
484,200,Vector
484,300,Set
486,100,Vector
486,300,Set
488,200,Vector
488,300,Set
490,200,Vector
490,200,Set
492,200,Vector
492,300,Set
494,200,Vector
494,300,Set
496,100,Vector
496,200,Set
498,100,Vector
498,200,Set
500,200,Vector
500,300,Set
502,200,Vector
502,200,Set
504,200,Vector
504,300,Set
506,200,Vector
506,300,Set
508,200,Vector
508,400,Set
510,100,Vector
510,400,Set
512,200,Vector
512,300,Set
514,200,Vector
514,300,Set
516,200,Vector
516,300,Set
518,200,Vector
518,300,Set
520,100,Vector
520,300,Set
522,200,Vector
522,300,Set
524,100,Vector
524,300,Set
526,200,Vector
526,300,Set
528,200,Vector
528,300,Set
530,200,Vector
530,300,Set
532,200,Vector
532,200,Set
534,200,Vector
534,300,Set
536,200,Vector
536,300,Set
538,200,Vector
538,200,Set
540,200,Vector
540,300,Set
542,200,Vector
542,300,Set
544,100,Vector
544,200,Set
546,200,Vector
546,300,Set
548,200,Vector
548,300,Set
550,200,Vector
550,300,Set
552,200,Vector
552,200,Set
554,200,Vector
554,300,Set
556,200,Vector
556,200,Set
558,200,Vector
558,300,Set
560,200,Vector
560,300,Set
562,200,Vector
562,200,Set
564,200,Vector
564,300,Set
566,200,Vector
566,200,Set
568,200,Vector
568,300,Set
570,200,Vector
570,200,Set
572,200,Vector
572,300,Set
574,200,Vector
574,300,Set
576,200,Vector
576,300,Set
578,200,Vector
578,300,Set
580,200,Vector
580,300,Set
582,200,Vector
582,200,Set
584,200,Vector
584,300,Set
586,200,Vector
586,300,Set
588,200,Vector
588,300,Set
590,200,Vector
590,300,Set
592,200,Vector
592,300,Set
594,200,Vector
594,200,Set
596,200,Vector
596,300,Set
598,200,Vector
598,300,Set
600,200,Vector
600,300,Set
602,200,Vector
602,300,Set
604,200,Vector
604,300,Set
606,200,Vector
606,300,Set
608,100,Vector
608,300,Set
610,200,Vector
610,300,Set
612,200,Vector
612,300,Set
614,200,Vector
614,200,Set
616,200,Vector
616,400,Set
618,200,Vector
618,200,Set
620,200,Vector
620,300,Set
622,200,Vector
622,300,Set
624,100,Vector
624,300,Set
626,200,Vector
626,300,Set
628,200,Vector
628,200,Set
630,200,Vector
630,300,Set
632,200,Vector
632,300,Set
634,200,Vector
634,300,Set
636,200,Vector
636,400,Set
638,200,Vector
638,400,Set
640,200,Vector
640,300,Set
642,200,Vector
642,300,Set
644,200,Vector
644,400,Set
646,200,Vector
646,200,Set
648,200,Vector
648,300,Set
650,200,Vector
650,300,Set
652,200,Vector
652,300,Set
654,200,Vector
654,300,Set
656,200,Vector
656,300,Set
658,200,Vector
658,200,Set
660,300,Vector
660,300,Set
662,200,Vector
662,300,Set
664,200,Vector
664,300,Set
666,200,Vector
666,300,Set
668,200,Vector
668,300,Set
670,200,Vector
670,400,Set
672,300,Vector
672,300,Set
674,200,Vector
674,300,Set
676,200,Vector
676,200,Set
678,200,Vector
678,300,Set
680,200,Vector
680,200,Set
682,300,Vector
682,300,Set
684,200,Vector
684,300,Set
686,200,Vector
686,300,Set
688,300,Vector
688,300,Set
690,300,Vector
690,300,Set
692,300,Vector
692,300,Set
694,200,Vector
694,300,Set
696,200,Vector
696,200,Set
698,200,Vector
698,300,Set
700,200,Vector
700,300,Set
702,300,Vector
702,400,Set
704,200,Vector
704,300,Set
706,200,Vector
706,300,Set
708,400,Vector
708,400,Set
710,200,Vector
710,300,Set
712,200,Vector
712,300,Set
714,200,Vector
714,200,Set
716,200,Vector
716,300,Set
718,200,Vector
718,200,Set
720,200,Vector
720,300,Set
722,200,Vector
722,300,Set
724,200,Vector
724,300,Set
726,200,Vector
726,400,Set
728,200,Vector
728,200,Set
730,200,Vector
730,300,Set
732,200,Vector
732,300,Set
734,300,Vector
734,300,Set
736,200,Vector
736,300,Set
738,200,Vector
738,300,Set
740,300,Vector
740,300,Set
742,200,Vector
742,300,Set
744,200,Vector
744,300,Set
746,300,Vector
746,300,Set
748,200,Vector
748,300,Set
750,200,Vector
750,300,Set
752,200,Vector
752,300,Set
754,200,Vector
754,200,Set
756,200,Vector
756,300,Set
758,200,Vector
758,300,Set
760,200,Vector
760,300,Set
762,200,Vector
762,300,Set
764,200,Vector
764,300,Set
766,300,Vector
766,400,Set
768,200,Vector
768,200,Set
770,200,Vector
770,300,Set
772,300,Vector
772,300,Set
774,200,Vector
774,300,Set
776,200,Vector
776,200,Set
778,300,Vector
778,500,Set
780,300,Vector
780,500,Set
782,300,Vector
782,300,Set
784,200,Vector
784,300,Set
786,300,Vector
786,300,Set
788,200,Vector
788,300,Set
790,300,Vector
790,300,Set
792,200,Vector
792,300,Set
794,200,Vector
794,300,Set
796,200,Vector
796,300,Set
798,200,Vector
798,300,Set
800,300,Vector
800,300,Set
802,200,Vector
802,200,Set
804,200,Vector
804,200,Set
806,300,Vector
806,300,Set
808,200,Vector
808,300,Set
810,300,Vector
810,300,Set
812,300,Vector
812,300,Set
814,300,Vector
814,300,Set
816,200,Vector
816,200,Set
818,200,Vector
818,200,Set
820,300,Vector
820,300,Set
822,300,Vector
822,300,Set
824,300,Vector
824,300,Set
826,200,Vector
826,200,Set
828,300,Vector
828,300,Set
830,300,Vector
830,300,Set
832,200,Vector
832,300,Set
834,300,Vector
834,300,Set
836,300,Vector
836,300,Set
838,200,Vector
838,300,Set
840,200,Vector
840,300,Set
842,200,Vector
842,300,Set
844,300,Vector
844,300,Set
846,300,Vector
846,300,Set
848,300,Vector
848,200,Set
850,200,Vector
850,300,Set
852,200,Vector
852,300,Set
854,200,Vector
854,200,Set
856,300,Vector
856,300,Set
858,200,Vector
858,200,Set
860,200,Vector
860,200,Set
862,300,Vector
862,300,Set
864,200,Vector
864,200,Set
866,200,Vector
866,200,Set
868,300,Vector
868,300,Set
870,200,Vector
870,200,Set
872,200,Vector
872,200,Set
874,200,Vector
874,200,Set
876,300,Vector
876,200,Set
878,200,Vector
878,200,Set
880,200,Vector
880,300,Set
882,200,Vector
882,200,Set
884,200,Vector
884,200,Set
886,300,Vector
886,300,Set
888,300,Vector
888,300,Set
890,300,Vector
890,300,Set
892,300,Vector
892,400,Set
894,300,Vector
894,400,Set
896,200,Vector
896,300,Set
898,200,Vector
898,300,Set
900,300,Vector
900,300,Set
902,300,Vector
902,300,Set
904,300,Vector
904,300,Set
906,200,Vector
906,300,Set
908,200,Vector
908,300,Set
910,300,Vector
910,200,Set
912,300,Vector
912,200,Set
914,300,Vector
914,300,Set
916,300,Vector
916,200,Set
918,300,Vector
918,300,Set
920,300,Vector
920,300,Set
922,200,Vector
922,200,Set
924,300,Vector
924,300,Set
926,300,Vector
926,400,Set
928,200,Vector
928,200,Set
930,300,Vector
930,300,Set
932,200,Vector
932,200,Set
934,200,Vector
934,200,Set
936,300,Vector
936,300,Set
938,300,Vector
938,200,Set
940,300,Vector
940,300,Set
942,300,Vector
942,300,Set
944,300,Vector
944,300,Set
946,300,Vector
946,200,Set
948,300,Vector
948,300,Set
950,300,Vector
950,300,Set
952,200,Vector
952,200,Set
954,300,Vector
954,200,Set
956,200,Vector
956,200,Set
958,300,Vector
958,400,Set
960,200,Vector
960,200,Set
962,300,Vector
962,300,Set
964,200,Vector
964,200,Set
966,200,Vector
966,200,Set
968,300,Vector
968,200,Set
970,200,Vector
970,200,Set
972,300,Vector
972,300,Set
974,200,Vector
974,200,Set
976,300,Vector
976,200,Set
978,300,Vector
978,300,Set
980,200,Vector
980,200,Set
982,300,Vector
982,300,Set
984,200,Vector
984,200,Set
986,300,Vector
986,300,Set
988,300,Vector
988,200,Set
990,300,Vector
990,300,Set
992,200,Vector
992,200,Set
994,300,Vector
994,300,Set
996,300,Vector
996,300,Set
998,300,Vector
998,300,Set
1000,200,Vector
1000,200,Set
1002,300,Vector
1002,200,Set
1004,300,Vector
1004,300,Set
1006,300,Vector
1006,300,Set
1008,300,Vector
1008,300,Set
1010,300,Vector
1010,200,Set
1012,200,Vector
1012,200,Set
1014,300,Vector
1014,200,Set
1016,200,Vector
1016,200,Set
1018,300,Vector
1018,200,Set
1020,300,Vector
1020,300,Set
1022,300,Vector
1022,400,Set
1024,300,Vector
1024,300,Set
1026,300,Vector
1026,300,Set
1028,300,Vector
1028,300,Set
1030,200,Vector
1030,200,Set
1032,400,Vector
1032,300,Set
1034,300,Vector
1034,300,Set
1036,300,Vector
1036,300,Set
1038,200,Vector
1038,200,Set
1040,300,Vector
1040,200,Set
1042,300,Vector
1042,300,Set
1044,200,Vector
1044,300,Set
1046,200,Vector
1046,300,Set
1048,300,Vector
1048,200,Set
1050,300,Vector
1050,200,Set
1052,300,Vector
1052,300,Set
1054,300,Vector
1054,700,Set
1056,400,Vector
1056,14100,Set
1058,300,Vector
1058,200,Set
1060,300,Vector
1060,300,Set
1062,300,Vector
1062,300,Set
1064,300,Vector
1064,300,Set
1066,300,Vector
1066,300,Set
1068,300,Vector
1068,300,Set
1070,300,Vector
1070,300,Set
1072,300,Vector
1072,300,Set
1074,300,Vector
1074,200,Set
1076,300,Vector
1076,300,Set
1078,300,Vector
1078,200,Set
1080,300,Vector
1080,200,Set
1082,300,Vector
1082,300,Set
1084,300,Vector
1084,200,Set
1086,300,Vector
1086,400,Set
1088,300,Vector
1088,300,Set
1090,300,Vector
1090,300,Set
1092,300,Vector
1092,300,Set
1094,300,Vector
1094,300,Set
1096,300,Vector
1096,300,Set
1098,300,Vector
1098,300,Set
1100,300,Vector
1100,300,Set
1102,300,Vector
1102,200,Set
1104,300,Vector
1104,300,Set
1106,300,Vector
1106,300,Set
1108,300,Vector
1108,300,Set
1110,300,Vector
1110,300,Set
1112,300,Vector
1112,300,Set
1114,300,Vector
1114,300,Set
1116,300,Vector
1116,300,Set
1118,300,Vector
1118,300,Set
1120,300,Vector
1120,200,Set
1122,300,Vector
1122,300,Set
1124,300,Vector
1124,300,Set
1126,300,Vector
1126,300,Set
1128,300,Vector
1128,300,Set
1130,300,Vector
1130,200,Set
1132,300,Vector
1132,300,Set
1134,300,Vector
1134,200,Set
1136,300,Vector
1136,300,Set
1138,300,Vector
1138,300,Set
1140,300,Vector
1140,300,Set
1142,300,Vector
1142,300,Set
1144,300,Vector
1144,300,Set
1146,300,Vector
1146,500,Set
1148,300,Vector
1148,400,Set
1150,300,Vector
1150,500,Set
1152,300,Vector
1152,300,Set
1154,300,Vector
1154,300,Set
1156,300,Vector
1156,300,Set
1158,300,Vector
1158,300,Set
1160,300,Vector
1160,200,Set
1162,500,Vector
1162,300,Set
1164,300,Vector
1164,300,Set
1166,300,Vector
1166,300,Set
1168,300,Vector
1168,300,Set
1170,300,Vector
1170,300,Set
1172,300,Vector
1172,300,Set
1174,300,Vector
1174,300,Set
1176,300,Vector
1176,400,Set
1178,300,Vector
1178,300,Set
1180,300,Vector
1180,300,Set
1182,300,Vector
1182,300,Set
1184,400,Vector
1184,300,Set
1186,300,Vector
1186,300,Set
1188,300,Vector
1188,300,Set
1190,400,Vector
1190,300,Set
1192,300,Vector
1192,300,Set
1194,300,Vector
1194,300,Set
1196,300,Vector
1196,400,Set
1198,300,Vector
1198,400,Set
1200,400,Vector
1200,300,Set
1202,300,Vector
1202,300,Set
1204,400,Vector
1204,400,Set
1206,400,Vector
1206,300,Set
1208,400,Vector
1208,400,Set
1210,300,Vector
1210,300,Set
1212,300,Vector
1212,300,Set
1214,300,Vector
1214,400,Set
1216,300,Vector
1216,300,Set
1218,300,Vector
1218,300,Set
1220,300,Vector
1220,300,Set
1222,300,Vector
1222,800,Set
1224,300,Vector
1224,200,Set
1226,300,Vector
1226,300,Set
1228,300,Vector
1228,300,Set
1230,300,Vector
1230,300,Set
1232,300,Vector
1232,300,Set
1234,300,Vector
1234,300,Set
1236,400,Vector
1236,300,Set
1238,300,Vector
1238,300,Set
1240,300,Vector
1240,300,Set
1242,300,Vector
1242,200,Set
1244,300,Vector
1244,400,Set
1246,300,Vector
1246,300,Set
1248,300,Vector
1248,400,Set
1250,300,Vector
1250,300,Set
1252,400,Vector
1252,400,Set
1254,300,Vector
1254,400,Set
1256,400,Vector
1256,300,Set
1258,300,Vector
1258,300,Set
1260,600,Vector
1260,800,Set
1262,400,Vector
1262,400,Set
1264,500,Vector
1264,400,Set
1266,400,Vector
1266,300,Set
1268,300,Vector
1268,300,Set
1270,400,Vector
1270,300,Set
1272,300,Vector
1272,300,Set
1274,400,Vector
1274,300,Set
1276,300,Vector
1276,300,Set
1278,300,Vector
1278,500,Set
1280,300,Vector
1280,300,Set
1282,300,Vector
1282,300,Set
1284,400,Vector
1284,400,Set
1286,400,Vector
1286,300,Set
1288,300,Vector
1288,300,Set
1290,300,Vector
1290,300,Set
1292,300,Vector
1292,300,Set
1294,400,Vector
1294,300,Set
1296,400,Vector
1296,300,Set
1298,400,Vector
1298,300,Set
1300,400,Vector
1300,400,Set
1302,400,Vector
1302,300,Set
1304,400,Vector
1304,400,Set
1306,300,Vector
1306,300,Set
1308,300,Vector
1308,300,Set
1310,300,Vector
1310,300,Set
1312,400,Vector
1312,300,Set
1314,300,Vector
1314,400,Set
1316,400,Vector
1316,300,Set
1318,400,Vector
1318,600,Set
1320,300,Vector
1320,300,Set
1322,400,Vector
1322,300,Set
1324,300,Vector
1324,300,Set
1326,400,Vector
1326,300,Set
1328,300,Vector
1328,300,Set
1330,300,Vector
1330,200,Set
1332,300,Vector
1332,300,Set
1334,400,Vector
1334,400,Set
1336,400,Vector
1336,300,Set
1338,300,Vector
1338,300,Set
1340,400,Vector
1340,400,Set
1342,300,Vector
1342,500,Set
1344,300,Vector
1344,300,Set
1346,300,Vector
1346,300,Set
1348,300,Vector
1348,300,Set
1350,300,Vector
1350,200,Set
1352,300,Vector
1352,200,Set
1354,300,Vector
1354,200,Set
1356,400,Vector
1356,300,Set
1358,300,Vector
1358,300,Set
1360,400,Vector
1360,300,Set
1362,300,Vector
1362,200,Set
1364,400,Vector
1364,400,Set
1366,400,Vector
1366,400,Set
1368,400,Vector
1368,300,Set
1370,300,Vector
1370,300,Set
1372,400,Vector
1372,300,Set
1374,300,Vector
1374,200,Set
1376,300,Vector
1376,200,Set
1378,300,Vector
1378,400,Set
1380,300,Vector
1380,200,Set
1382,400,Vector
1382,300,Set
1384,400,Vector
1384,300,Set
1386,400,Vector
1386,200,Set
1388,400,Vector
1388,300,Set
1390,400,Vector
1390,300,Set
1392,400,Vector
1392,300,Set
1394,400,Vector
1394,300,Set
1396,400,Vector
1396,300,Set
1398,400,Vector
1398,300,Set
1400,1400,Vector
1400,200,Set
1402,300,Vector
1402,300,Set
1404,400,Vector
1404,400,Set
1406,400,Vector
1406,500,Set
1408,300,Vector
1408,300,Set
1410,400,Vector
1410,300,Set
1412,400,Vector
1412,300,Set
1414,400,Vector
1414,300,Set
1416,400,Vector
1416,300,Set
1418,400,Vector
1418,300,Set
1420,300,Vector
1420,400,Set
1422,400,Vector
1422,300,Set
1424,300,Vector
1424,300,Set
1426,300,Vector
1426,300,Set
1428,400,Vector
1428,400,Set
1430,400,Vector
1430,300,Set
1432,400,Vector
1432,300,Set
1434,400,Vector
1434,200,Set
1436,300,Vector
1436,300,Set
1438,400,Vector
1438,300,Set
1440,400,Vector
1440,300,Set
1442,400,Vector
1442,300,Set
1444,400,Vector
1444,400,Set
1446,400,Vector
1446,600,Set
1448,400,Vector
1448,300,Set
1450,400,Vector
1450,300,Set
1452,300,Vector
1452,300,Set
1454,400,Vector
1454,300,Set
1456,400,Vector
1456,300,Set
1458,400,Vector
1458,300,Set
1460,400,Vector
1460,300,Set
1462,400,Vector
1462,400,Set
1464,400,Vector
1464,400,Set
1466,400,Vector
1466,1200,Set
1468,300,Vector
1468,300,Set
1470,500,Vector
1470,600,Set
1472,400,Vector
1472,400,Set
1474,400,Vector
1474,300,Set
1476,400,Vector
1476,400,Set
1478,400,Vector
1478,300,Set
1480,400,Vector
1480,300,Set
1482,400,Vector
1482,300,Set
1484,400,Vector
1484,300,Set
1486,400,Vector
1486,400,Set
1488,400,Vector
1488,300,Set
1490,500,Vector
1490,500,Set
1492,400,Vector
1492,300,Set
1494,400,Vector
1494,400,Set
1496,400,Vector
1496,300,Set
1498,500,Vector
1498,300,Set
1500,400,Vector
1500,300,Set
1502,400,Vector
1502,400,Set
1504,500,Vector
1504,300,Set
1506,400,Vector
1506,300,Set
1508,400,Vector
1508,300,Set
1510,400,Vector
1510,300,Set
1512,400,Vector
1512,300,Set
1514,400,Vector
1514,300,Set
1516,400,Vector
1516,300,Set
1518,400,Vector
1518,300,Set
1520,400,Vector
1520,300,Set
1522,400,Vector
1522,200,Set
1524,400,Vector
1524,300,Set
1526,300,Vector
1526,300,Set
1528,400,Vector
1528,300,Set
1530,400,Vector
1530,300,Set
1532,400,Vector
1532,500,Set
1534,400,Vector
1534,400,Set
1536,400,Vector
1536,300,Set
1538,400,Vector
1538,300,Set
1540,400,Vector
1540,300,Set
1542,400,Vector
1542,300,Set
1544,400,Vector
1544,300,Set
1546,500,Vector
1546,300,Set
1548,400,Vector
1548,400,Set
1550,500,Vector
1550,300,Set
1552,400,Vector
1552,300,Set
1554,400,Vector
1554,300,Set
1556,500,Vector
1556,300,Set
1558,400,Vector
1558,300,Set
1560,400,Vector
1560,400,Set
1562,400,Vector
1562,300,Set
1564,400,Vector
1564,400,Set
1566,400,Vector
1566,300,Set
1568,400,Vector
1568,300,Set
1570,500,Vector
1570,300,Set
1572,400,Vector
1572,300,Set
1574,400,Vector
1574,300,Set
1576,400,Vector
1576,300,Set
1578,500,Vector
1578,300,Set
1580,400,Vector
1580,300,Set
1582,400,Vector
1582,300,Set
1584,400,Vector
1584,300,Set
1586,400,Vector
1586,300,Set
1588,400,Vector
1588,300,Set
1590,400,Vector
1590,400,Set
1592,400,Vector
1592,300,Set
1594,400,Vector
1594,200,Set
1596,400,Vector
1596,400,Set
1598,400,Vector
1598,300,Set
1600,500,Vector
1600,400,Set
1602,400,Vector
1602,300,Set
1604,400,Vector
1604,400,Set
1606,400,Vector
1606,300,Set
1608,300,Vector
1608,300,Set
1610,400,Vector
1610,300,Set
1612,300,Vector
1612,300,Set
1614,400,Vector
1614,300,Set
1616,500,Vector
1616,300,Set
1618,400,Vector
1618,300,Set
1620,400,Vector
1620,300,Set
1622,400,Vector
1622,300,Set
1624,300,Vector
1624,300,Set
1626,500,Vector
1626,300,Set
1628,400,Vector
1628,300,Set
1630,400,Vector
1630,400,Set
1632,400,Vector
1632,300,Set
1634,400,Vector
1634,300,Set
1636,400,Vector
1636,300,Set
1638,400,Vector
1638,300,Set
1640,400,Vector
1640,300,Set
1642,400,Vector
1642,300,Set
1644,400,Vector
1644,300,Set
1646,400,Vector
1646,300,Set
1648,400,Vector
1648,300,Set
1650,400,Vector
1650,300,Set
1652,400,Vector
1652,300,Set
1654,500,Vector
1654,300,Set
1656,400,Vector
1656,300,Set
1658,400,Vector
1658,200,Set
1660,400,Vector
1660,400,Set
1662,400,Vector
1662,500,Set
1664,400,Vector
1664,400,Set
1666,400,Vector
1666,300,Set
1668,400,Vector
1668,300,Set
1670,400,Vector
1670,400,Set
1672,400,Vector
1672,400,Set
1674,400,Vector
1674,300,Set
1676,400,Vector
1676,300,Set
1678,400,Vector
1678,300,Set
1680,400,Vector
1680,300,Set
1682,400,Vector
1682,300,Set
1684,400,Vector
1684,300,Set
1686,400,Vector
1686,300,Set
1688,400,Vector
1688,300,Set
1690,400,Vector
1690,300,Set
1692,400,Vector
1692,300,Set
1694,400,Vector
1694,300,Set
1696,400,Vector
1696,300,Set
1698,400,Vector
1698,200,Set
1700,400,Vector
1700,200,Set
1702,400,Vector
1702,300,Set
1704,400,Vector
1704,200,Set
1706,400,Vector
1706,300,Set
1708,400,Vector
1708,300,Set
1710,400,Vector
1710,300,Set
1712,500,Vector
1712,300,Set
1714,400,Vector
1714,300,Set
1716,400,Vector
1716,300,Set
1718,400,Vector
1718,300,Set
1720,400,Vector
1720,200,Set
1722,500,Vector
1722,300,Set
1724,400,Vector
1724,400,Set
1726,400,Vector
1726,400,Set
1728,500,Vector
1728,300,Set
1730,500,Vector
1730,300,Set
1732,400,Vector
1732,300,Set
1734,400,Vector
1734,300,Set
1736,400,Vector
1736,300,Set
1738,500,Vector
1738,300,Set
1740,500,Vector
1740,300,Set
1742,500,Vector
1742,300,Set
1744,400,Vector
1744,200,Set
1746,400,Vector
1746,300,Set
1748,400,Vector
1748,200,Set
1750,400,Vector
1750,200,Set
1752,400,Vector
1752,300,Set
1754,500,Vector
1754,300,Set
1756,400,Vector
1756,300,Set
1758,500,Vector
1758,300,Set
1760,400,Vector
1760,300,Set
1762,500,Vector
1762,300,Set
1764,500,Vector
1764,300,Set
1766,400,Vector
1766,300,Set
1768,400,Vector
1768,300,Set
1770,500,Vector
1770,300,Set
1772,500,Vector
1772,300,Set
1774,400,Vector
1774,300,Set
1776,400,Vector
1776,300,Set
1778,400,Vector
1778,300,Set
1780,500,Vector
1780,400,Set
1782,500,Vector
1782,300,Set
1784,400,Vector
1784,300,Set
1786,500,Vector
1786,300,Set
1788,500,Vector
1788,500,Set
1790,500,Vector
1790,500,Set
1792,500,Vector
1792,300,Set
1794,400,Vector
1794,400,Set
1796,500,Vector
1796,400,Set
1798,500,Vector
1798,400,Set
1800,500,Vector
1800,400,Set
1802,400,Vector
1802,300,Set
1804,400,Vector
1804,300,Set
1806,500,Vector
1806,400,Set
1808,500,Vector
1808,300,Set
1810,400,Vector
1810,300,Set
1812,500,Vector
1812,400,Set
1814,400,Vector
1814,200,Set
1816,500,Vector
1816,300,Set
1818,400,Vector
1818,300,Set
1820,500,Vector
1820,400,Set
1822,400,Vector
1822,400,Set
1824,400,Vector
1824,300,Set
1826,500,Vector
1826,300,Set
1828,500,Vector
1828,300,Set
1830,500,Vector
1830,300,Set
1832,500,Vector
1832,300,Set
1834,500,Vector
1834,400,Set
1836,500,Vector
1836,300,Set
1838,400,Vector
1838,400,Set
1840,500,Vector
1840,300,Set
1842,400,Vector
1842,300,Set
1844,500,Vector
1844,300,Set
1846,500,Vector
1846,300,Set
1848,500,Vector
1848,300,Set
1850,400,Vector
1850,300,Set
1852,400,Vector
1852,300,Set
1854,400,Vector
1854,500,Set
1856,500,Vector
1856,300,Set
1858,400,Vector
1858,300,Set
1860,400,Vector
1860,300,Set
1862,500,Vector
1862,300,Set
1864,400,Vector
1864,300,Set
1866,400,Vector
1866,300,Set
1868,400,Vector
1868,300,Set
1870,400,Vector
1870,300,Set
1872,500,Vector
1872,300,Set
1874,400,Vector
1874,300,Set
1876,500,Vector
1876,400,Set
1878,500,Vector
1878,300,Set
1880,500,Vector
1880,300,Set
1882,500,Vector
1882,300,Set
1884,500,Vector
1884,400,Set
1886,500,Vector
1886,300,Set
1888,500,Vector
1888,300,Set
1890,500,Vector
1890,300,Set
1892,500,Vector
1892,400,Set
1894,500,Vector
1894,300,Set
1896,500,Vector
1896,300,Set
1898,500,Vector
1898,300,Set
1900,500,Vector
1900,300,Set
1902,400,Vector
1902,300,Set
1904,500,Vector
1904,300,Set
1906,500,Vector
1906,300,Set
1908,400,Vector
1908,300,Set
1910,500,Vector
1910,300,Set
1912,500,Vector
1912,400,Set
1914,500,Vector
1914,300,Set
1916,500,Vector
1916,500,Set
1918,500,Vector
1918,500,Set
1920,400,Vector
1920,300,Set
1922,500,Vector
1922,400,Set
1924,400,Vector
1924,300,Set
1926,500,Vector
1926,700,Set
1928,1300,Vector
1928,300,Set
1930,800,Vector
1930,600,Set
1932,700,Vector
1932,500,Set
1934,500,Vector
1934,400,Set
1936,500,Vector
1936,400,Set
1938,500,Vector
1938,400,Set
1940,400,Vector
1940,300,Set
1942,400,Vector
1942,300,Set
1944,500,Vector
1944,400,Set
1946,500,Vector
1946,300,Set
1948,500,Vector
1948,400,Set
1950,500,Vector
1950,400,Set
1952,500,Vector
1952,300,Set
1954,500,Vector
1954,300,Set
1956,500,Vector
1956,400,Set
1958,500,Vector
1958,300,Set
1960,400,Vector
1960,300,Set
1962,500,Vector
1962,300,Set
1964,500,Vector
1964,400,Set
1966,500,Vector
1966,300,Set
1968,500,Vector
1968,300,Set
1970,500,Vector
1970,300,Set
1972,500,Vector
1972,300,Set
1974,500,Vector
1974,300,Set
1976,500,Vector
1976,300,Set
1978,500,Vector
1978,300,Set
1980,500,Vector
1980,400,Set
1982,400,Vector
1982,400,Set
1984,400,Vector
1984,300,Set
1986,500,Vector
1986,400,Set
1988,500,Vector
1988,400,Set
1990,500,Vector
1990,400,Set
1992,500,Vector
1992,300,Set
1994,400,Vector
1994,300,Set
1996,500,Vector
1996,400,Set
1998,400,Vector
1998,300,Set
2000,400,Vector
2000,300,Set
2002,400,Vector
2002,300,Set
2004,500,Vector
2004,300,Set
2006,500,Vector
2006,300,Set
2008,500,Vector
2008,300,Set
2010,400,Vector
2010,300,Set
2012,500,Vector
2012,400,Set
2014,500,Vector
2014,300,Set
2016,500,Vector
2016,400,Set
2018,500,Vector
2018,300,Set
2020,400,Vector
2020,300,Set
2022,500,Vector
2022,300,Set
2024,500,Vector
2024,300,Set
2026,500,Vector
2026,300,Set
2028,500,Vector
2028,400,Set
2030,500,Vector
2030,400,Set
2032,500,Vector
2032,400,Set
2034,600,Vector
2034,300,Set
2036,500,Vector
2036,300,Set
2038,600,Vector
2038,400,Set
2040,600,Vector
2040,300,Set
2042,600,Vector
2042,300,Set
2044,500,Vector
2044,400,Set
2046,500,Vector
2046,600,Set
2048,600,Vector
2048,400,Set
2050,500,Vector
2050,300,Set
2052,800,Vector
2052,700,Set
2054,500,Vector
2054,500,Set
2056,600,Vector
2056,400,Set
2058,600,Vector
2058,400,Set
2060,600,Vector
2060,500,Set
2062,500,Vector
2062,500,Set
2064,500,Vector
2064,400,Set
2066,600,Vector
2066,400,Set
2068,500,Vector
2068,400,Set
2070,600,Vector
2070,400,Set
2072,500,Vector
2072,400,Set
2074,600,Vector
2074,300,Set
2076,500,Vector
2076,400,Set
2078,500,Vector
2078,400,Set
2080,500,Vector
2080,400,Set
2082,600,Vector
2082,400,Set
2084,500,Vector
2084,400,Set
2086,500,Vector
2086,400,Set
2088,500,Vector
2088,300,Set
2090,600,Vector
2090,300,Set
2092,600,Vector
2092,400,Set
2094,600,Vector
2094,300,Set
2096,600,Vector
2096,400,Set
2098,500,Vector
2098,400,Set
2100,500,Vector
2100,400,Set
2102,600,Vector
2102,400,Set
2104,500,Vector
2104,300,Set
2106,600,Vector
2106,300,Set
2108,500,Vector
2108,400,Set
2110,600,Vector
2110,500,Set
2112,600,Vector
2112,400,Set
2114,600,Vector
2114,400,Set
2116,500,Vector
2116,300,Set
2118,500,Vector
2118,300,Set
2120,500,Vector
2120,300,Set
2122,500,Vector
2122,300,Set
2124,500,Vector
2124,400,Set
2126,500,Vector
2126,300,Set
2128,600,Vector
2128,400,Set
2130,500,Vector
2130,400,Set
2132,600,Vector
2132,300,Set
2134,600,Vector
2134,300,Set
2136,500,Vector
2136,400,Set
2138,500,Vector
2138,300,Set
2140,500,Vector
2140,400,Set
2142,500,Vector
2142,400,Set
2144,500,Vector
2144,300,Set
2146,500,Vector
2146,300,Set
2148,500,Vector
2148,300,Set
2150,500,Vector
2150,300,Set
2152,500,Vector
2152,400,Set
2154,500,Vector
2154,400,Set
2156,500,Vector
2156,300,Set
2158,600,Vector
2158,400,Set
2160,600,Vector
2160,300,Set
2162,500,Vector
2162,300,Set
2164,500,Vector
2164,400,Set
2166,500,Vector
2166,300,Set
2168,600,Vector
2168,300,Set
2170,500,Vector
2170,300,Set
2172,600,Vector
2172,500,Set
2174,500,Vector
2174,400,Set
2176,500,Vector
2176,400,Set
2178,600,Vector
2178,300,Set
2180,500,Vector
2180,300,Set
2182,600,Vector
2182,300,Set
2184,500,Vector
2184,400,Set
2186,500,Vector
2186,400,Set
2188,500,Vector
2188,300,Set
2190,600,Vector
2190,300,Set
2192,500,Vector
2192,300,Set
2194,500,Vector
2194,300,Set
2196,500,Vector
2196,300,Set
2198,500,Vector
2198,300,Set
2200,500,Vector
2200,300,Set
2202,500,Vector
2202,400,Set
2204,600,Vector
2204,400,Set
2206,1600,Vector
2206,500,Set
2208,500,Vector
2208,300,Set
2210,600,Vector
2210,400,Set
2212,600,Vector
2212,300,Set
2214,500,Vector
2214,300,Set
2216,500,Vector
2216,300,Set
2218,500,Vector
2218,300,Set
2220,500,Vector
2220,300,Set
2222,500,Vector
2222,300,Set
2224,600,Vector
2224,300,Set
2226,500,Vector
2226,200,Set
2228,600,Vector
2228,300,Set
2230,500,Vector
2230,300,Set
2232,600,Vector
2232,300,Set
2234,500,Vector
2234,300,Set
2236,600,Vector
2236,400,Set
2238,500,Vector
2238,500,Set
2240,500,Vector
2240,300,Set
2242,500,Vector
2242,300,Set
2244,500,Vector
2244,300,Set
2246,500,Vector
2246,300,Set
2248,500,Vector
2248,300,Set
2250,500,Vector
2250,300,Set
2252,500,Vector
2252,300,Set
2254,600,Vector
2254,300,Set
2256,600,Vector
2256,300,Set
2258,500,Vector
2258,200,Set
2260,500,Vector
2260,300,Set
2262,500,Vector
2262,300,Set
2264,600,Vector
2264,300,Set
2266,500,Vector
2266,200,Set
2268,500,Vector
2268,400,Set
2270,500,Vector
2270,400,Set
2272,600,Vector
2272,300,Set
2274,600,Vector
2274,300,Set
2276,500,Vector
2276,300,Set
2278,500,Vector
2278,300,Set
2280,500,Vector
2280,300,Set
2282,500,Vector
2282,300,Set
2284,600,Vector
2284,400,Set
2286,500,Vector
2286,300,Set
2288,600,Vector
2288,300,Set
2290,500,Vector
2290,200,Set
2292,600,Vector
2292,300,Set
2294,500,Vector
2294,300,Set
2296,500,Vector
2296,300,Set
2298,500,Vector
2298,300,Set
2300,600,Vector
2300,400,Set
2302,500,Vector
2302,400,Set
2304,500,Vector
2304,300,Set
2306,600,Vector
2306,300,Set
2308,500,Vector
2308,300,Set
2310,500,Vector
2310,300,Set
2312,500,Vector
2312,300,Set
2314,500,Vector
2314,300,Set
2316,500,Vector
2316,300,Set
2318,500,Vector
2318,300,Set
2320,500,Vector
2320,300,Set
2322,500,Vector
2322,300,Set
2324,500,Vector
2324,300,Set
2326,500,Vector
2326,300,Set
2328,600,Vector
2328,300,Set
2330,600,Vector
2330,300,Set
2332,500,Vector
2332,300,Set
2334,500,Vector
2334,300,Set
2336,600,Vector
2336,300,Set
2338,600,Vector
2338,400,Set
2340,600,Vector
2340,400,Set
2342,500,Vector
2342,300,Set
2344,800,Vector
2344,300,Set
2346,1000,Vector
2346,300,Set
2348,500,Vector
2348,300,Set
2350,600,Vector
2350,300,Set
2352,600,Vector
2352,300,Set
2354,600,Vector
2354,200,Set
2356,500,Vector
2356,300,Set
2358,600,Vector
2358,400,Set
2360,600,Vector
2360,200,Set
2362,500,Vector
2362,300,Set
2364,500,Vector
2364,300,Set
2366,600,Vector
2366,400,Set
2368,600,Vector
2368,300,Set
2370,600,Vector
2370,300,Set
2372,500,Vector
2372,300,Set
2374,500,Vector
2374,300,Set
2376,600,Vector
2376,200,Set
2378,500,Vector
2378,200,Set
2380,600,Vector
2380,300,Set
2382,500,Vector
2382,300,Set
2384,600,Vector
2384,300,Set
2386,500,Vector
2386,300,Set
2388,500,Vector
2388,300,Set
2390,600,Vector
2390,300,Set
2392,500,Vector
2392,300,Set
2394,600,Vector
2394,400,Set
2396,600,Vector
2396,300,Set
2398,500,Vector
2398,300,Set
2400,500,Vector
2400,200,Set
2402,600,Vector
2402,300,Set
2404,600,Vector
2404,400,Set
2406,600,Vector
2406,300,Set
2408,600,Vector
2408,300,Set
2410,600,Vector
2410,300,Set
2412,600,Vector
2412,300,Set
2414,500,Vector
2414,300,Set
2416,500,Vector
2416,300,Set
2418,600,Vector
2418,300,Set
2420,600,Vector
2420,300,Set
2422,600,Vector
2422,300,Set
2424,600,Vector
2424,300,Set
2426,500,Vector
2426,300,Set
2428,600,Vector
2428,400,Set
2430,500,Vector
2430,400,Set
2432,500,Vector
2432,300,Set
2434,500,Vector
2434,300,Set
2436,600,Vector
2436,300,Set
2438,600,Vector
2438,300,Set
2440,600,Vector
2440,400,Set
2442,600,Vector
2442,300,Set
2444,600,Vector
2444,300,Set
2446,600,Vector
2446,400,Set
2448,600,Vector
2448,300,Set
2450,600,Vector
2450,300,Set
2452,600,Vector
2452,300,Set
2454,600,Vector
2454,300,Set
2456,600,Vector
2456,300,Set
2458,700,Vector
2458,300,Set
2460,500,Vector
2460,400,Set
2462,600,Vector
2462,300,Set
2464,600,Vector
2464,400,Set
2466,600,Vector
2466,400,Set
2468,600,Vector
2468,400,Set
2470,600,Vector
2470,400,Set
2472,500,Vector
2472,300,Set
2474,600,Vector
2474,400,Set
2476,600,Vector
2476,300,Set
2478,600,Vector
2478,400,Set
2480,700,Vector
2480,300,Set
2482,600,Vector
2482,300,Set
2484,600,Vector
2484,300,Set
2486,600,Vector
2486,400,Set
2488,600,Vector
2488,300,Set
2490,600,Vector
2490,300,Set
2492,600,Vector
2492,400,Set
2494,600,Vector
2494,400,Set
2496,600,Vector
2496,300,Set
2498,600,Vector
2498,400,Set
2500,600,Vector
2500,300,Set
2502,600,Vector
2502,300,Set
2504,600,Vector
2504,400,Set
2506,600,Vector
2506,300,Set
2508,600,Vector
2508,300,Set
2510,600,Vector
2510,400,Set
2512,600,Vector
2512,300,Set
2514,600,Vector
2514,400,Set
2516,600,Vector
2516,400,Set
2518,600,Vector
2518,400,Set
2520,600,Vector
2520,300,Set
2522,600,Vector
2522,300,Set
2524,600,Vector
2524,400,Set
2526,600,Vector
2526,400,Set
2528,600,Vector
2528,300,Set
2530,600,Vector
2530,400,Set
2532,600,Vector
2532,400,Set
2534,600,Vector
2534,300,Set
2536,700,Vector
2536,400,Set
2538,600,Vector
2538,300,Set
2540,600,Vector
2540,300,Set
2542,700,Vector
2542,400,Set
2544,600,Vector
2544,400,Set
2546,600,Vector
2546,400,Set
2548,600,Vector
2548,300,Set
2550,700,Vector
2550,400,Set
2552,700,Vector
2552,400,Set
2554,600,Vector
2554,300,Set
2556,600,Vector
2556,500,Set
2558,600,Vector
2558,600,Set
2560,700,Vector
2560,400,Set
2562,700,Vector
2562,400,Set
2564,600,Vector
2564,300,Set
2566,600,Vector
2566,400,Set
2568,600,Vector
2568,400,Set
2570,600,Vector
2570,400,Set
2572,600,Vector
2572,300,Set
2574,600,Vector
2574,400,Set
2576,600,Vector
2576,400,Set
2578,600,Vector
2578,300,Set
2580,600,Vector
2580,400,Set
2582,600,Vector
2582,300,Set
2584,600,Vector
2584,300,Set
2586,600,Vector
2586,300,Set
2588,600,Vector
2588,500,Set
2590,700,Vector
2590,300,Set
2592,600,Vector
2592,300,Set
2594,600,Vector
2594,400,Set
2596,700,Vector
2596,400,Set
2598,700,Vector
2598,400,Set
2600,700,Vector
2600,400,Set
2602,600,Vector
2602,400,Set
2604,700,Vector
2604,400,Set
2606,600,Vector
2606,400,Set
2608,600,Vector
2608,400,Set
2610,600,Vector
2610,300,Set
2612,700,Vector
2612,400,Set
2614,600,Vector
2614,400,Set
2616,600,Vector
2616,400,Set
2618,700,Vector
2618,400,Set
2620,700,Vector
2620,500,Set
2622,600,Vector
2622,400,Set
2624,600,Vector
2624,400,Set
2626,600,Vector
2626,300,Set
2628,600,Vector
2628,400,Set
2630,700,Vector
2630,300,Set
2632,600,Vector
2632,400,Set
2634,600,Vector
2634,400,Set
2636,600,Vector
2636,300,Set
2638,600,Vector
2638,300,Set
2640,600,Vector
2640,300,Set
2642,600,Vector
2642,300,Set
2644,600,Vector
2644,400,Set
2646,700,Vector
2646,400,Set
2648,600,Vector
2648,300,Set
2650,700,Vector
2650,300,Set
2652,700,Vector
2652,400,Set
2654,700,Vector
2654,400,Set
2656,700,Vector
2656,400,Set
2658,600,Vector
2658,300,Set
2660,600,Vector
2660,400,Set
2662,600,Vector
2662,400,Set
2664,700,Vector
2664,400,Set
2666,700,Vector
2666,400,Set
2668,700,Vector
2668,400,Set
2670,600,Vector
2670,400,Set
2672,700,Vector
2672,300,Set
2674,700,Vector
2674,400,Set
2676,600,Vector
2676,400,Set
2678,600,Vector
2678,300,Set
2680,600,Vector
2680,300,Set
2682,600,Vector
2682,300,Set
2684,600,Vector
2684,500,Set
2686,600,Vector
2686,400,Set
2688,700,Vector
2688,400,Set
2690,600,Vector
2690,300,Set
2692,700,Vector
2692,400,Set
2694,600,Vector
2694,400,Set
2696,700,Vector
2696,400,Set
2698,700,Vector
2698,300,Set
2700,700,Vector
2700,400,Set
2702,600,Vector
2702,400,Set
2704,600,Vector
2704,300,Set
2706,600,Vector
2706,300,Set
2708,700,Vector
2708,400,Set
2710,700,Vector
2710,400,Set
2712,600,Vector
2712,400,Set
2714,700,Vector
2714,400,Set
2716,600,Vector
2716,400,Set
2718,700,Vector
2718,400,Set
2720,1600,Vector
2720,800,Set
2722,700,Vector
2722,500,Set
2724,700,Vector
2724,500,Set
2726,700,Vector
2726,400,Set
2728,700,Vector
2728,500,Set
2730,700,Vector
2730,400,Set
2732,800,Vector
2732,500,Set
2734,800,Vector
2734,600,Set
2736,700,Vector
2736,400,Set
2738,700,Vector
2738,500,Set
2740,600,Vector
2740,500,Set
2742,800,Vector
2742,500,Set
2744,700,Vector
2744,400,Set
2746,700,Vector
2746,500,Set
2748,800,Vector
2748,500,Set
2750,700,Vector
2750,500,Set
2752,700,Vector
2752,400,Set
2754,600,Vector
2754,400,Set
2756,600,Vector
2756,400,Set
2758,600,Vector
2758,300,Set
2760,700,Vector
2760,400,Set
2762,600,Vector
2762,300,Set
2764,700,Vector
2764,400,Set
2766,600,Vector
2766,300,Set
2768,600,Vector
2768,400,Set
2770,700,Vector
2770,400,Set
2772,600,Vector
2772,300,Set
2774,700,Vector
2774,400,Set
2776,700,Vector
2776,400,Set
2778,600,Vector
2778,300,Set
2780,600,Vector
2780,400,Set
2782,700,Vector
2782,500,Set
2784,700,Vector
2784,300,Set
2786,700,Vector
2786,400,Set
2788,600,Vector
2788,300,Set
2790,700,Vector
2790,400,Set
2792,600,Vector
2792,300,Set
2794,700,Vector
2794,400,Set
2796,700,Vector
2796,500,Set
2798,700,Vector
2798,500,Set
2800,700,Vector
2800,300,Set
2802,700,Vector
2802,400,Set
2804,600,Vector
2804,300,Set
2806,600,Vector
2806,300,Set
2808,600,Vector
2808,400,Set
2810,700,Vector
2810,400,Set
2812,700,Vector
2812,500,Set
2814,600,Vector
2814,500,Set
2816,700,Vector
2816,400,Set
2818,700,Vector
2818,400,Set
2820,600,Vector
2820,300,Set
2822,700,Vector
2822,400,Set
2824,600,Vector
2824,400,Set
2826,600,Vector
2826,300,Set
2828,700,Vector
2828,400,Set
2830,700,Vector
2830,400,Set
2832,700,Vector
2832,400,Set
2834,700,Vector
2834,400,Set
2836,600,Vector
2836,400,Set
2838,700,Vector
2838,300,Set
2840,700,Vector
2840,300,Set
2842,700,Vector
2842,400,Set
2844,700,Vector
2844,500,Set
2846,700,Vector
2846,500,Set
2848,600,Vector
2848,400,Set
2850,700,Vector
2850,300,Set
2852,600,Vector
2852,400,Set
2854,700,Vector
2854,400,Set
2856,700,Vector
2856,400,Set
2858,700,Vector
2858,300,Set
2860,700,Vector
2860,400,Set
2862,700,Vector
2862,400,Set
2864,700,Vector
2864,400,Set
2866,700,Vector
2866,400,Set
2868,700,Vector
2868,300,Set
2870,700,Vector
2870,400,Set
2872,600,Vector
2872,400,Set
2874,600,Vector
2874,400,Set
2876,700,Vector
2876,500,Set
2878,700,Vector
2878,500,Set
2880,800,Vector
2880,500,Set
2882,700,Vector
2882,400,Set
2884,800,Vector
2884,400,Set
2886,700,Vector
2886,500,Set
2888,700,Vector
2888,400,Set
2890,700,Vector
2890,400,Set
2892,700,Vector
2892,400,Set
2894,700,Vector
2894,500,Set
2896,700,Vector
2896,300,Set
2898,700,Vector
2898,300,Set
2900,700,Vector
2900,400,Set
2902,700,Vector
2902,500,Set
2904,800,Vector
2904,400,Set
2906,700,Vector
2906,400,Set
2908,700,Vector
2908,500,Set
2910,700,Vector
2910,500,Set
2912,700,Vector
2912,400,Set
2914,700,Vector
2914,400,Set
2916,700,Vector
2916,400,Set
2918,700,Vector
2918,400,Set
2920,700,Vector
2920,400,Set
2922,700,Vector
2922,400,Set
2924,700,Vector
2924,400,Set
2926,700,Vector
2926,300,Set
2928,700,Vector
2928,400,Set
2930,700,Vector
2930,300,Set
2932,800,Vector
2932,400,Set
2934,700,Vector
2934,400,Set
2936,700,Vector
2936,400,Set
2938,700,Vector
2938,300,Set
2940,700,Vector
2940,400,Set
2942,700,Vector
2942,500,Set
2944,800,Vector
2944,400,Set
2946,800,Vector
2946,400,Set
2948,700,Vector
2948,300,Set
2950,700,Vector
2950,400,Set
2952,700,Vector
2952,400,Set
2954,700,Vector
2954,400,Set
2956,700,Vector
2956,500,Set
2958,700,Vector
2958,500,Set
2960,700,Vector
2960,300,Set
2962,700,Vector
2962,400,Set
2964,700,Vector
2964,300,Set
2966,700,Vector
2966,300,Set
2968,700,Vector
2968,300,Set
2970,700,Vector
2970,400,Set
2972,700,Vector
2972,400,Set
2974,700,Vector
2974,500,Set
2976,700,Vector
2976,400,Set
2978,700,Vector
2978,300,Set
2980,700,Vector
2980,300,Set
2982,700,Vector
2982,400,Set
2984,700,Vector
2984,400,Set
2986,700,Vector
2986,300,Set
2988,700,Vector
2988,400,Set
2990,700,Vector
2990,400,Set
2992,800,Vector
2992,400,Set
2994,800,Vector
2994,400,Set
2996,700,Vector
2996,400,Set
2998,700,Vector
2998,300,Set
3000,700,Vector
3000,400,Set
3002,700,Vector
3002,400,Set
3004,800,Vector
3004,500,Set
3006,700,Vector
3006,500,Set
3008,700,Vector
3008,400,Set
3010,700,Vector
3010,300,Set
3012,700,Vector
3012,300,Set
3014,800,Vector
3014,400,Set
3016,700,Vector
3016,400,Set
3018,700,Vector
3018,500,Set
3020,800,Vector
3020,400,Set
3022,700,Vector
3022,400,Set
3024,800,Vector
3024,400,Set
3026,800,Vector
3026,400,Set
3028,700,Vector
3028,400,Set
3030,700,Vector
3030,300,Set
3032,800,Vector
3032,400,Set
3034,800,Vector
3034,500,Set
3036,700,Vector
3036,400,Set
3038,800,Vector
3038,400,Set
3040,700,Vector
3040,400,Set
3042,700,Vector
3042,300,Set
3044,800,Vector
3044,400,Set
3046,700,Vector
3046,300,Set
3048,700,Vector
3048,400,Set
3050,700,Vector
3050,300,Set
3052,800,Vector
3052,400,Set
3054,800,Vector
3054,400,Set
3056,800,Vector
3056,400,Set
3058,800,Vector
3058,400,Set
3060,800,Vector
3060,400,Set
3062,800,Vector
3062,400,Set
3064,800,Vector
3064,400,Set
3066,800,Vector
3066,300,Set
3068,700,Vector
3068,400,Set
3070,700,Vector
3070,500,Set
3072,800,Vector
3072,400,Set
3074,800,Vector
3074,400,Set
3076,800,Vector
3076,400,Set
3078,800,Vector
3078,500,Set
3080,700,Vector
3080,400,Set
3082,800,Vector
3082,400,Set
3084,700,Vector
3084,400,Set
3086,800,Vector
3086,400,Set
3088,700,Vector
3088,400,Set
3090,700,Vector
3090,300,Set
3092,700,Vector
3092,400,Set
3094,800,Vector
3094,400,Set
3096,800,Vector
3096,400,Set
3098,800,Vector
3098,400,Set
3100,800,Vector
3100,500,Set
3102,800,Vector
3102,400,Set
3104,700,Vector
3104,400,Set
3106,800,Vector
3106,400,Set
3108,700,Vector
3108,400,Set
3110,800,Vector
3110,400,Set
3112,700,Vector
3112,400,Set
3114,700,Vector
3114,400,Set
3116,800,Vector
3116,500,Set
3118,800,Vector
3118,400,Set
3120,700,Vector
3120,300,Set
3122,700,Vector
3122,400,Set
3124,700,Vector
3124,400,Set
3126,800,Vector
3126,400,Set
3128,800,Vector
3128,400,Set
3130,700,Vector
3130,400,Set
3132,700,Vector
3132,500,Set
3134,800,Vector
3134,500,Set
3136,900,Vector
3136,400,Set
3138,900,Vector
3138,400,Set
3140,800,Vector
3140,500,Set
3142,800,Vector
3142,400,Set
3144,800,Vector
3144,400,Set
3146,800,Vector
3146,300,Set
3148,800,Vector
3148,400,Set
3150,800,Vector
3150,400,Set
3152,900,Vector
3152,400,Set
3154,800,Vector
3154,300,Set
3156,700,Vector
3156,400,Set
3158,800,Vector
3158,400,Set
3160,700,Vector
3160,300,Set
3162,700,Vector
3162,300,Set
3164,700,Vector
3164,400,Set
3166,800,Vector
3166,400,Set
3168,700,Vector
3168,300,Set
3170,800,Vector
3170,400,Set
3172,700,Vector
3172,400,Set
3174,800,Vector
3174,400,Set
3176,800,Vector
3176,400,Set
3178,800,Vector
3178,400,Set
3180,800,Vector
3180,400,Set
3182,800,Vector
3182,400,Set
3184,800,Vector
3184,400,Set
3186,800,Vector
3186,500,Set
3188,800,Vector
3188,400,Set
3190,800,Vector
3190,400,Set
3192,800,Vector
3192,400,Set
3194,800,Vector
3194,300,Set
3196,800,Vector
3196,500,Set
3198,700,Vector
3198,500,Set
3200,800,Vector
3200,500,Set
3202,700,Vector
3202,400,Set
3204,800,Vector
3204,400,Set
3206,800,Vector
3206,300,Set
3208,800,Vector
3208,400,Set
3210,800,Vector
3210,300,Set
3212,800,Vector
3212,400,Set
3214,800,Vector
3214,400,Set
3216,800,Vector
3216,400,Set
3218,800,Vector
3218,300,Set
3220,700,Vector
3220,300,Set
3222,700,Vector
3222,300,Set
3224,800,Vector
3224,400,Set
3226,700,Vector
3226,400,Set
3228,800,Vector
3228,400,Set
3230,800,Vector
3230,400,Set
3232,800,Vector
3232,400,Set
3234,800,Vector
3234,300,Set
3236,800,Vector
3236,400,Set
3238,800,Vector
3238,400,Set
3240,800,Vector
3240,300,Set
3242,800,Vector
3242,300,Set
3244,800,Vector
3244,400,Set
3246,800,Vector
3246,400,Set
3248,800,Vector
3248,400,Set
3250,800,Vector
3250,400,Set
3252,800,Vector
3252,300,Set
3254,800,Vector
3254,400,Set
3256,700,Vector
3256,400,Set
3258,700,Vector
3258,300,Set
3260,800,Vector
3260,400,Set
3262,800,Vector
3262,400,Set
3264,700,Vector
3264,400,Set
3266,800,Vector
3266,400,Set
3268,800,Vector
3268,400,Set
3270,800,Vector
3270,300,Set
3272,900,Vector
3272,400,Set
3274,800,Vector
3274,300,Set
3276,800,Vector
3276,400,Set
3278,800,Vector
3278,400,Set
3280,700,Vector
3280,400,Set
3282,800,Vector
3282,300,Set
3284,800,Vector
3284,400,Set
3286,800,Vector
3286,500,Set
3288,800,Vector
3288,500,Set
3290,800,Vector
3290,400,Set
3292,800,Vector
3292,400,Set
3294,800,Vector
3294,400,Set
3296,800,Vector
3296,400,Set
3298,800,Vector
3298,300,Set
3300,800,Vector
3300,300,Set
3302,800,Vector
3302,400,Set
3304,800,Vector
3304,300,Set
3306,800,Vector
3306,300,Set
3308,800,Vector
3308,300,Set
3310,800,Vector
3310,400,Set
3312,900,Vector
3312,400,Set
3314,800,Vector
3314,400,Set
3316,800,Vector
3316,400,Set
3318,800,Vector
3318,400,Set
3320,800,Vector
3320,400,Set
3322,900,Vector
3322,400,Set
3324,900,Vector
3324,500,Set
3326,800,Vector
3326,500,Set
3328,800,Vector
3328,400,Set
3330,800,Vector
3330,400,Set
3332,800,Vector
3332,400,Set
3334,800,Vector
3334,400,Set
3336,800,Vector
3336,400,Set
3338,800,Vector
3338,400,Set
3340,800,Vector
3340,400,Set
3342,800,Vector
3342,500,Set
3344,800,Vector
3344,400,Set
3346,800,Vector
3346,400,Set
3348,800,Vector
3348,400,Set
3350,800,Vector
3350,400,Set
3352,800,Vector
3352,300,Set
3354,800,Vector
3354,300,Set
3356,800,Vector
3356,400,Set
3358,900,Vector
3358,400,Set
3360,800,Vector
3360,500,Set
3362,800,Vector
3362,400,Set
3364,900,Vector
3364,400,Set
3366,900,Vector
3366,400,Set
3368,900,Vector
3368,400,Set
3370,800,Vector
3370,400,Set
3372,800,Vector
3372,400,Set
3374,800,Vector
3374,400,Set
3376,800,Vector
3376,400,Set
3378,800,Vector
3378,400,Set
3380,800,Vector
3380,400,Set
3382,900,Vector
3382,400,Set
3384,800,Vector
3384,400,Set
3386,800,Vector
3386,300,Set
3388,900,Vector
3388,400,Set
3390,800,Vector
3390,400,Set
3392,800,Vector
3392,400,Set
3394,800,Vector
3394,400,Set
3396,800,Vector
3396,400,Set
3398,800,Vector
3398,400,Set
3400,800,Vector
3400,400,Set
3402,800,Vector
3402,300,Set
3404,800,Vector
3404,400,Set
3406,800,Vector
3406,300,Set
3408,800,Vector
3408,400,Set
3410,800,Vector
3410,300,Set
3412,800,Vector
3412,400,Set
3414,800,Vector
3414,400,Set
3416,900,Vector
3416,400,Set
3418,800,Vector
3418,300,Set
3420,800,Vector
3420,400,Set
3422,800,Vector
3422,500,Set
3424,900,Vector
3424,400,Set
3426,800,Vector
3426,300,Set
3428,800,Vector
3428,400,Set
3430,800,Vector
3430,500,Set
3432,800,Vector
3432,400,Set
3434,800,Vector
3434,400,Set
3436,800,Vector
3436,500,Set
3438,800,Vector
3438,400,Set
3440,800,Vector
3440,400,Set
3442,800,Vector
3442,400,Set
3444,800,Vector
3444,300,Set
3446,900,Vector
3446,400,Set
3448,800,Vector
3448,400,Set
3450,800,Vector
3450,300,Set
3452,800,Vector
3452,500,Set
3454,800,Vector
3454,500,Set
3456,900,Vector
3456,400,Set
3458,800,Vector
3458,400,Set
3460,900,Vector
3460,400,Set
3462,800,Vector
3462,400,Set
3464,800,Vector
3464,400,Set
3466,800,Vector
3466,300,Set
3468,900,Vector
3468,400,Set
3470,900,Vector
3470,400,Set
3472,900,Vector
3472,400,Set
3474,800,Vector
3474,300,Set
3476,800,Vector
3476,300,Set
3478,800,Vector
3478,300,Set
3480,800,Vector
3480,400,Set
3482,900,Vector
3482,400,Set
3484,800,Vector
3484,400,Set
3486,900,Vector
3486,500,Set
3488,900,Vector
3488,400,Set
3490,800,Vector
3490,300,Set
3492,800,Vector
3492,300,Set
3494,800,Vector
3494,400,Set
3496,800,Vector
3496,400,Set
3498,900,Vector
3498,400,Set
3500,800,Vector
3500,300,Set
3502,800,Vector
3502,400,Set
3504,800,Vector
3504,400,Set
3506,900,Vector
3506,400,Set
3508,900,Vector
3508,400,Set
3510,800,Vector
3510,400,Set
3512,900,Vector
3512,400,Set
3514,900,Vector
3514,300,Set
3516,800,Vector
3516,500,Set
3518,900,Vector
3518,500,Set
3520,900,Vector
3520,400,Set
3522,800,Vector
3522,400,Set
3524,800,Vector
3524,400,Set
3526,800,Vector
3526,400,Set
3528,900,Vector
3528,400,Set
3530,800,Vector
3530,400,Set
3532,800,Vector
3532,400,Set
3534,900,Vector
3534,400,Set
3536,900,Vector
3536,400,Set
3538,800,Vector
3538,400,Set
3540,900,Vector
3540,400,Set
3542,900,Vector
3542,400,Set
3544,900,Vector
3544,400,Set
3546,900,Vector
3546,400,Set
3548,900,Vector
3548,500,Set
3550,900,Vector
3550,400,Set
3552,800,Vector
3552,500,Set
3554,900,Vector
3554,400,Set
3556,900,Vector
3556,300,Set
3558,800,Vector
3558,300,Set
3560,800,Vector
3560,300,Set
3562,900,Vector
3562,400,Set
3564,900,Vector
3564,400,Set
3566,900,Vector
3566,400,Set
3568,900,Vector
3568,400,Set
3570,900,Vector
3570,400,Set
3572,900,Vector
3572,500,Set
3574,900,Vector
3574,300,Set
3576,900,Vector
3576,400,Set
3578,900,Vector
3578,400,Set
3580,900,Vector
3580,500,Set
3582,800,Vector
3582,500,Set
3584,800,Vector
3584,400,Set
3586,900,Vector
3586,300,Set
3588,800,Vector
3588,400,Set
3590,900,Vector
3590,400,Set
3592,900,Vector
3592,400,Set
3594,900,Vector
3594,400,Set
3596,900,Vector
3596,400,Set
3598,900,Vector
3598,500,Set
3600,900,Vector
3600,300,Set
3602,900,Vector
3602,400,Set
3604,900,Vector
3604,400,Set
3606,900,Vector
3606,400,Set
3608,900,Vector
3608,400,Set
3610,800,Vector
3610,300,Set
3612,900,Vector
3612,400,Set
3614,900,Vector
3614,500,Set
3616,900,Vector
3616,400,Set
3618,800,Vector
3618,400,Set
3620,800,Vector
3620,300,Set
3622,900,Vector
3622,300,Set
3624,800,Vector
3624,400,Set
3626,900,Vector
3626,300,Set
3628,900,Vector
3628,400,Set
3630,900,Vector
3630,400,Set
3632,900,Vector
3632,400,Set
3634,800,Vector
3634,300,Set
3636,800,Vector
3636,400,Set
3638,900,Vector
3638,400,Set
3640,900,Vector
3640,300,Set
3642,900,Vector
3642,300,Set
3644,900,Vector
3644,400,Set
3646,800,Vector
3646,400,Set
3648,800,Vector
3648,400,Set
3650,900,Vector
3650,400,Set
3652,900,Vector
3652,400,Set
3654,900,Vector
3654,300,Set
3656,900,Vector
3656,400,Set
3658,900,Vector
3658,300,Set
3660,900,Vector
3660,400,Set
3662,900,Vector
3662,400,Set
3664,800,Vector
3664,300,Set
3666,900,Vector
3666,400,Set
3668,900,Vector
3668,300,Set
3670,900,Vector
3670,500,Set
3672,800,Vector
3672,300,Set
3674,900,Vector
3674,300,Set
3676,900,Vector
3676,400,Set
3678,900,Vector
3678,500,Set
3680,900,Vector
3680,400,Set
3682,900,Vector
3682,400,Set
3684,900,Vector
3684,400,Set
3686,900,Vector
3686,300,Set
3688,900,Vector
3688,300,Set
3690,900,Vector
3690,300,Set
3692,900,Vector
3692,400,Set
3694,900,Vector
3694,300,Set
3696,900,Vector
3696,400,Set
3698,900,Vector
3698,400,Set
3700,900,Vector
3700,400,Set
3702,900,Vector
3702,400,Set
3704,900,Vector
3704,400,Set
3706,900,Vector
3706,300,Set
3708,900,Vector
3708,500,Set
3710,900,Vector
3710,500,Set
3712,900,Vector
3712,400,Set
3714,900,Vector
3714,400,Set
3716,900,Vector
3716,400,Set
3718,1000,Vector
3718,300,Set
3720,900,Vector
3720,400,Set
3722,900,Vector
3722,400,Set
3724,900,Vector
3724,400,Set
3726,900,Vector
3726,400,Set
3728,900,Vector
3728,300,Set
3730,900,Vector
3730,300,Set
3732,900,Vector
3732,300,Set
3734,1000,Vector
3734,400,Set
3736,900,Vector
3736,400,Set
3738,900,Vector
3738,400,Set
3740,900,Vector
3740,400,Set
3742,900,Vector
3742,400,Set
3744,800,Vector
3744,400,Set
3746,900,Vector
3746,300,Set
3748,900,Vector
3748,400,Set
3750,800,Vector
3750,400,Set
3752,900,Vector
3752,400,Set
3754,900,Vector
3754,300,Set
3756,900,Vector
3756,400,Set
3758,900,Vector
3758,400,Set
3760,900,Vector
3760,300,Set
3762,900,Vector
3762,300,Set
3764,900,Vector
3764,400,Set
3766,900,Vector
3766,400,Set
3768,1000,Vector
3768,400,Set
3770,900,Vector
3770,300,Set
3772,900,Vector
3772,400,Set
3774,900,Vector
3774,400,Set
3776,900,Vector
3776,300,Set
3778,900,Vector
3778,400,Set
3780,900,Vector
3780,400,Set
3782,900,Vector
3782,400,Set
3784,900,Vector
3784,300,Set
3786,900,Vector
3786,400,Set
3788,1000,Vector
3788,400,Set
3790,900,Vector
3790,400,Set
3792,900,Vector
3792,400,Set
3794,900,Vector
3794,400,Set
3796,900,Vector
3796,400,Set
3798,1000,Vector
3798,400,Set
3800,900,Vector
3800,300,Set
3802,1000,Vector
3802,400,Set
3804,900,Vector
3804,300,Set
3806,900,Vector
3806,500,Set
3808,900,Vector
3808,400,Set
3810,900,Vector
3810,300,Set
3812,900,Vector
3812,400,Set
3814,900,Vector
3814,300,Set
3816,900,Vector
3816,400,Set
3818,900,Vector
3818,400,Set
3820,900,Vector
3820,400,Set
3822,1000,Vector
3822,400,Set
3824,900,Vector
3824,300,Set
3826,900,Vector
3826,400,Set
3828,900,Vector
3828,400,Set
3830,1000,Vector
3830,400,Set
3832,900,Vector
3832,400,Set
3834,900,Vector
3834,400,Set
3836,900,Vector
3836,500,Set
3838,1000,Vector
3838,500,Set
3840,1000,Vector
3840,400,Set
3842,900,Vector
3842,300,Set
3844,1000,Vector
3844,400,Set
3846,900,Vector
3846,400,Set
3848,900,Vector
3848,400,Set
3850,900,Vector
3850,400,Set
3852,900,Vector
3852,400,Set
3854,900,Vector
3854,400,Set
3856,900,Vector
3856,400,Set
3858,900,Vector
3858,300,Set
3860,900,Vector
3860,400,Set
3862,900,Vector
3862,300,Set
3864,900,Vector
3864,400,Set
3866,900,Vector
3866,300,Set
3868,900,Vector
3868,400,Set
3870,1000,Vector
3870,400,Set
3872,900,Vector
3872,400,Set
3874,900,Vector
3874,300,Set
3876,900,Vector
3876,400,Set
3878,900,Vector
3878,300,Set
3880,900,Vector
3880,400,Set
3882,900,Vector
3882,300,Set
3884,900,Vector
3884,500,Set
3886,900,Vector
3886,400,Set
3888,1000,Vector
3888,400,Set
3890,900,Vector
3890,400,Set
3892,1000,Vector
3892,400,Set
3894,900,Vector
3894,400,Set
3896,900,Vector
3896,400,Set
3898,900,Vector
3898,300,Set
3900,900,Vector
3900,500,Set
3902,900,Vector
3902,500,Set
3904,900,Vector
3904,500,Set
3906,900,Vector
3906,300,Set
3908,900,Vector
3908,400,Set
3910,900,Vector
3910,400,Set
3912,900,Vector
3912,400,Set
3914,1000,Vector
3914,300,Set
3916,1200,Vector
3916,700,Set
3918,900,Vector
3918,600,Set
3920,900,Vector
3920,500,Set
3922,1000,Vector
3922,400,Set
3924,1000,Vector
3924,400,Set
3926,900,Vector
3926,400,Set
3928,900,Vector
3928,400,Set
3930,1000,Vector
3930,400,Set
3932,900,Vector
3932,400,Set
3934,900,Vector
3934,500,Set
3936,1000,Vector
3936,500,Set
3938,1000,Vector
3938,400,Set
3940,1000,Vector
3940,500,Set
3942,900,Vector
3942,400,Set
3944,900,Vector
3944,300,Set
3946,900,Vector
3946,400,Set
3948,900,Vector
3948,400,Set
3950,900,Vector
3950,400,Set
3952,900,Vector
3952,400,Set
3954,1000,Vector
3954,400,Set
3956,900,Vector
3956,400,Set
3958,1000,Vector
3958,400,Set
3960,900,Vector
3960,400,Set
3962,900,Vector
3962,300,Set
3964,900,Vector
3964,400,Set
3966,1000,Vector
3966,500,Set
3968,900,Vector
3968,400,Set
3970,1000,Vector
3970,400,Set
3972,900,Vector
3972,400,Set
3974,900,Vector
3974,400,Set
3976,900,Vector
3976,400,Set
3978,1000,Vector
3978,400,Set
3980,900,Vector
3980,400,Set
3982,900,Vector
3982,400,Set
3984,900,Vector
3984,300,Set
3986,900,Vector
3986,300,Set
3988,900,Vector
3988,400,Set
3990,1000,Vector
3990,400,Set
3992,1000,Vector
3992,400,Set
3994,1100,Vector
3994,300,Set
3996,900,Vector
3996,500,Set
3998,1000,Vector
3998,500,Set
